"","by_id","X.count","frequency","CDR3nt","CDR3aa","V","D","J","C","cid","cid_full_length","sequence_id","sequence","rev_comp","productive","v_call","d_call","j_call","c_call","sequence_alignment","germline_alignment","cdr1","cdr2","junction","junction_aa","v_cigar","d_cigar","j_cigar","v_identity","j_identity","cell_id","complete_vdj","consensus_count","sample_id"
"1","assemble102",2,0.08,"TGCATGCAAACTCTACAAAGGGAGACGTTC","CMQTLQRETF","IGKV2-28*01",".","IGKJ1*01","IGKC","assemble102",0,"assemble102_0","TGGGGTTTATTACTGCATGCAAACTCTACAAAGGGAGACGTTCGGCCAAGGGACCNNNNNNNCAGAGAGGCCAAAGTACAGTGGAAGGTGGATAACGCCCTCCAATCGGG",FALSE,TRUE,"IGKV2-28*01","","IGKJ1*01","IGKC","TGGGGTTTATTACTGCATGCAAACTCTACAAAGGGAGACGTTCGGCCAAGGGACC","TGGGGTTTATTACTGCATGCAAGCTCTACAAAGGGAGACGTTCGGCCAAGGGACC","","","TGCATGCAAACTCTACAAAGGGAGACGTTC","CMQTLQRETF","263N32M78S7N","","36S3N19M55S16N",96.88,100,NA,FALSE,2,"sample_01"
"2","assemble116",1,0.04,"TGTCAACAATTTAATAATTTCCCGCTCACTTTC","CQQFNNFPLTF","IGKV1-13*01",".","IGKJ4*01","IGKC","assemble116",0,"assemble116_0","CAAAAACCAGGGAAAGGTCCTAAGCTCCTGATCTATGATGCCTCCACTNNNNNNNGCAACTTATTACTGTCAACAATTTAATAATTTCCCGCTCACTTTCGGC",FALSE,TRUE,"IGKV1-13*01","","IGKJ4*01","","CAAAAACCAGGGAAAGGTCCTAAGCTCCTGATCTATGATGCCTCCA---------------------------------------------------------------------------------CT--NNNNNNNGCAACTTATTACTGTCAACAATTTAATAATTTCCCGCTCACTTTCGGC","CAGAAACCAGGGAAAGCTCCTAAGCTCCTGATCTATGATGCCTCCAGTTTGGAAAGTGGGGTCCCATCAAGGTTCAGCGGCAGTGGATCTGGGACAGATTTCACTCTCACCATCAGCAGCCTGCAGCCTGAAGATTTTGCAACTTATTACTGTCAACAGTTTAATAATTACCCGCTCACTTTCGGC","","GATGCCTCC","TGTCAACAATTTAATAATTTCCCGCTCACTTTC","CQQFNNFPLTF","111N46M81I2M2I42M13S3N","","90S13M25N",58.56,100,NA,FALSE,1,"sample_01"
"3","assemble139",1,0.04,"TGTCAGCAATCTTATAGTGCTCCGATCACCTTC","CQQSYSAPITF","IGKV4-1*01",".","IGKJ5*01","IGKC","assemble139",0,"assemble139_0","CAGTTTATTACTGTCAGCAATCTTATAGTGCTCCGATCACCTTCGGCCNNNNNNNAGTGTCACAGAGCAGGACAGCAAGGACAGCACCTACAGCCTCAGCAGC",FALSE,TRUE,"IGKV4-1*01","","IGKJ5*01","IGKC","CAGTTTATTACTGTCAGCAATCTTATAGTGCTCCGATCACCTTCGGCC","CAGTTTATTACTGTCAGCAATATTATAGTACTCCGATCACCTTCGGCC","","","TGTCAGCAATCTTATAGTGCTCCGATCACCTTC","CQQSYSAPITF","268N34M69S3N","","34S14M55S24N",94.12,100,NA,FALSE,1,"sample_01"
"4","assemble141",1,0.04,"TGTCAGCAGTATAAAAACTGGCCTCCCACTTTC","CQQYKNWPPTF","IGKV3-15*01",".","IGKJ4*01","IGKC","assemble141",0,"assemble141_0","GTTTATTACTGTCAGCAGTATAAAAACTGGCCTCCCACTTTCGGCGGANNNNNNNATCTGGAACTGCCTCTGTTGTGTGCCTGCTGAATAACTTCTATCCCAG",FALSE,TRUE,"IGKV3-15*01","","IGKJ4*01","IGKC","GTTTATTACTGTCAGCAGTATAAAAACTGGCCTCCCACTTTCGGCGGA","GTTTATTACTGTCAGCAGTATAATAACTGGCCTCCCACTTTCGGCGGA","","","TGTCAGCAGTATAAAAACTGGCCTCCCACTTTC","CQQYKNWPPTF","252N35M68S","","35S3N13M55S22N",97.14,100,NA,FALSE,1,"sample_01"
"5","assemble146",1,0.04,"TGCATGCAAGCTACACAGTGGCCGTACACTTTT","CMQATQWPYTF","IGKV2-18*01",".","IGKJ2*01","IGKC","assemble146",0,"assemble146_0","CTGCATGCAAGCTACACAGTGGCCGTACACTTTTGGCCAGGGGACCAANNNNNNNGAGCAGTTGAAATCTGGAACTGCCTCTGTTGTGTGCCTGCTGAATAAC",FALSE,TRUE,"IGKV2-18*01","","IGKJ2*01","IGKC","CTGCATGCAAGCTACACAGTGGCCGTACACTTTTGGCCAGGGGACCAA","CTGCATGCAAGCTACACAGTGGCCGTACACTTTTGGCCAGGGGACCAA","","","TGCATGCAAGCTACACAGTGGCCGTACACTTTT","CMQATQWPYTF","275N20M83S7N","","24S1N24M55S14N",100,100,NA,FALSE,1,"sample_01"
"6","assemble150",1,0.04,"TGCTTGCTCTCCTATAATGGTCCTTGGGTGTTC","CLLSYNGPWVF","IGLV7-46*01",".","IGLJ3*02","IGLC","assemble150",0,"assemble150_0","GATTTATGATACAAGCAACAAACACTCCTGGACACCTGCCCGGTTCTCNNNNNNNGCTGAGTATTACTGCTTGCTCTCCTATAATGGTCCTTGGGTGTTCGGC",FALSE,TRUE,"IGLV7-46*01","","IGLJ3*02","","GATTTATGATACAAGCAACAAACACTCCTGGACACCTGCCCGGTTCTC------------------------------------------------------NNNNNNNGCTGAGTATTACTGCTTGCTCTCCTATAATGGTCCTTGGGTGTTCGGC","GATTTATGATACAAGCAACAAACACTCCTGGACACCTGCCCGGTTCTCAGGCTCCCTCCTTGGGGGCAAAGCTGCCCTGACCCTTTCGGGTGCGCAGCCTGAGGATGAGGCTGAGTATTACTGCTTGCTCTCCTATAGTGGTCCTTGGGTGTTCGGC","","GATACAAGC","TGCTTGCTCTCCTATAATGGTCCTTGGGTGTTC","CLLSYNGPWVF","146N48M54I40M15S6N","","90S13M25N",69.57,100,NA,FALSE,1,"sample_01"
"7","assemble163",1,0.2,"TGCAGCGTCTTACTAGCGGGGAGCACAGATACGCAGTATTTT","CSVLLAGSTDTQYF","TRBV29-1*01","TRBD2*01","TRBJ2-3*01","TRBC","assemble163",0,"assemble163_0","GGGATATCTGTCAACGTGGAACCTCCCTGACGATCCAGTGTCAAGTCGNNNNNNNGCAGCATATATCTCTGCAGCGTCTTACTAGCGGGGAGCACAGATACGCAGTATTTT",FALSE,TRUE,"TRBV29-1*01","TRBD2*01","TRBJ2-3*01","","","","G","G","TGCAGCGTCTTACTAGCGGGGAGCACAGATACGCAGTATTTT","CSVLLAGSTDTQYF","28N48M179I29M34S6N","80S3N10M21S3N","90S13M8S36N",42.04,100,NA,FALSE,1,"sample_01"
"8","assemble178",1,0.2,"TGTGCCAGCAGTTACTCCGGTACGGACGAGCAGTACTTC","CASSYSGTDEQYF","TRBV6-5*01","TRBD2*01","TRBJ2-7*01","TRBC","assemble178",0,"assemble178_0","CTTCTGTGCCAGCAGTTACTCCGGTACGGACGAGCAGTACTTCGGGCCNNNNNNNGCCACACTGGTGTGCCTGGCCACAGGCTTCTACCCCGACCACGCGGAG",FALSE,TRUE,"TRBV6-5*01","TRBD2*01","TRBJ2-7*01","TRBC2","CTTCTGTGCCAGCAGTTACTCCGGTACGGACGAGCAGTACTTCGGGCC","CTTCTGTGCCAGCAGTTACTCCGGTACGGACGAGCAGTACTTCGGGCC","","","TGTGCCAGCAGTTACTCCGGTACGGACGAGCAGTACTTC","CASSYSGTDEQYF","266N21M82S","27S1N8M68S7N","29S5N19M55S23N",100,100,NA,FALSE,1,"sample_01"
"9","assemble184",1,0.04,"TGCGGCTCATATACAAGCAGCAGCACTCGGGTGTTC","CGSYTSSSTRVF","IGLV2-14*01",".","IGLJ3*02","IGLC","assemble184",0,"assemble184_0","GGCTGTGCCTGGGGGCTGATTATTACTGCGGCTCATATACAAGCAGCAGCACTCGGGTGTTCGGC",FALSE,TRUE,"IGLV2-14*01","","IGLJ3*02","","GGCTGATTATTACTGCGGCTCATATACAAGCAGCAGCACTCGGGTGTTCGGC","GGCTGATTATTACTGCAGCTCATATACAAGCAGCAGCACTCGGGTGTTCGGC","","","TGCGGCTCATATACAAGCAGCAGCACTCGGGTGTTC","CGSYTSSSTRVF","13S254N41M11S2N","","54S2N11M25N",97.5,100,NA,FALSE,1,"sample_01"
"10","assemble38",3,0.6,"TGTGCCAGCAGCGTAGACCGGACAGGAGGGGACTATGGCTACACCTTC","CASSVDRTGGDYGYTF","TRBV9*01","TRBD1*01","TRBJ1-2*01","TRBC","assemble38",0,"assemble38_0","CTGACTTGCACTCTGAACTAAACCTGAGCTCTCTGGAGCTGGGGGACTNNNNNNNTGTGCCAGCAGCGTAGACCGGACAGGAGGGGACTATGGCTACACCTTCGGTTCGGGGACCAGGTTNNNNNNNACTGGTGTGCCTGGCCACAGGCTTCTTCCCTGACCACGTGGAGCTGAG",FALSE,TRUE,"TRBV9*01","TRBD1*01","TRBJ1-2*01","TRBC1","CTGACTTGCACTCTGAACTAAACCTGAGCTCTCTGGAGCTGGGGGAC-------TNNNNNNNTGTGCCAGCAGCGTAGACCGGACAGGAGGGGACTATGGCTACACCTTCGGTTCGGGGACCAGGTT","CTGACTTGCACTCTGAACTAAACCTGAGCTCTCTGGAGCTGGGGGACTCAGCTTTGTATTTCTGTGCCAGCAGCGTAGACCGGACAGGGGGGGACTATGGCTACACCTTCGGTTCGGGGACCAGGTT","","","TGTGCCAGCAGCGTAGACCGGACAGGAGGGGACTATGGCTACACCTTC","CASSVDRTGGDYGYTF","208N47M7I24M104S","74S1N10M91S1N","86S3N34M55S11N",76.51,100,NA,FALSE,3,"sample_01"
"11","assemble46",3,0.12,"TGTCAACAGGCTTACAGTCCCCCTGAGACGTTC","CQQAYSPPETF","IGKV1-12*01",".","IGKJ1*01","IGKC","assemble46",0,"assemble46_0","TGTCAACAGGCTTACAGTCCCCCTGAGACGTTCGGCCAAGGGACCAAGNNNNNNNCCTCCAATCGGGTAACTCCCAGGAGAGTGTCACAGAGCAGGACAGCAA",FALSE,TRUE,"IGKV1-12*01","","IGKJ1*01","IGKC","TGTCAACAGGCTTACAGTCCCCCTGAGACGTTCGGCCAAGGGACCAAG","TGTCAACAGGCTTACAGTCCCCCTGAGACGTTCGGCCAAGGGACCAAG","","","TGTCAACAGGCTTACAGTCCCCCTGAGACGTTC","CQQAYSPPETF","261N12M91S14N","","26S3N22M55S13N",100,90.48,NA,FALSE,3,"sample_01"
"12","assemble49",3,0.12,"TGTCAGCAGTATGGTACCTCACCTGAAATGTTC","CQQYGTSPEMF","IGKV3-20*01",".","IGKJ1*01","IGKC","assemble49",0,"assemble49_0","GCAGACTGGAGCCTGAAGATTTTGCAGTGTATTACTGTCAGCAGTATGGTACCTCACCTGAAATGTTCGGCCAAGGGACCAAGGGGNNNNNNNATCTGGAACTGCCTCTGTTGTGTGCCTGCTGAATAACTTCTATCCCAGAGAGGCCAAAGTACAGTGGAAGGTGGATAACGCCCTCCAATCGGGTAACTCCCAGGAGAGTGTCACAGAGCAGGACAGCAAGG",FALSE,TRUE,"IGKV3-20*01","","IGKJ1*01","IGKC","GCAGACTGGAGCCTGAAGATTTTGCAGTGTATTACTGTCAGCAGTATGGTACCTCACCTGAAATGTTCGGCCAAGGGACCAAGG","GCAGACTGGAGCCTGAAGATTTTGCAGTGTATTACTGTCAGCAGTATGGTAGCTCACCTGAAATGTTCGGCCAAGGGACCAAGG","","","TGTCAGCAGTATGGTACCTCACCTGAAATGTTC","CQQYGTSPEMF","229N59M165S2N","","64S6N20M140S12N",98.31,100,NA,FALSE,3,"sample_01"
"13","assemble59",2,0.08,"TGTCAAAAGTATGACAGTGTCCCGCTCACTTTC","CQKYDSVPLTF","IGKV1-37*01",".","IGKJ4*01","IGKC","assemble59",0,"assemble59_0","AGATGTTGCAACTTATTACTGTCAAAAGTATGACAGTGTCCCGCTCACTTTCGGCGGAGNNNNNNNACCAAGGTGGAGATCAAACGAACTGTGGCTGCACCATCTGTCTTCATCTTCCCGCCATCTGATGAGCAGTTGAAATCTGGAACTGCCTCTGTTGTGTGCCTGCTGAATAACTTCTATCCCAGAGAGGCCAAAGTACAG",FALSE,TRUE,"IGKV1-37*01","","IGKJ4*01","IGKC","AGATGTTGCAACTTATTACTGTCAAAAGTATGACAGTGTCCCGCTCACTTTCGGCGGAGNNNNNNNACCAAGGTGGAGATCAAAC","AGATGTTGCAACTTATTACGGTCAACGGACTTACAATGCCCCGCTCACTTTCG-----GCGGAGGGACCAAGGTGGAGATCAAAC","","","TGTCAAAAGTATGACAGTGTCCCGCTCACTTTC","CQKYDSVPLTF","242N42M162S3N","","42S11M5D27M119S",100,88.89,NA,FALSE,2,"sample_01"
"14","assemble6",7,0.28,"TGCTGCTCATATGCAGGTAGTACCACTTTCGCGGTATTT","CCSYAGSTTFAVF","IGLV2-23*02",".","IGLJ2*01","IGLC","assemble6",0,"assemble6_0","ATAAGCGACCCTCAGGGGTTTCTGATCGCTTCTCTGGCTCCAAGTCTGGCAACACGGCCTCCCTGACCATCTCTGGGCTCCAGGCTGAGGACGAGGCTGATTATTACTGCTGCTCATATGCAGGTAGTACCACTTTCGCGGTATTTGGCGGNNNNNNNGGTCACTCTGTTCCCGCCCTCCTCTGAGGAGCTTCAAGCCAACAAGGCCACACTGGTGTGTCTCATAAGTGACTTCTACCCGGGAGCCGTGACAGTGGCCTGGAAGGCAGATAGCAGCCCCGTCAAGGCGGGAGTGGAG",FALSE,TRUE,"IGLV2-23*02","","IGLJ2*01","IGLC2","TAAGCGACCCTCAGGGGTTTCTGATCGCTTCTCTGGCTCCAAGTCTGGCAACACGGCCTCCCTGACCATCTCTGGGCTCCAGGCTGAGGACGAGGCTGATTATTACTGCTGCTCATATGCAGGTAGTACCACTTTCGCGGTATTTGGCGG","TAAGCGGCCCTCAGGGGTTTCTAATCGCTTCTCTGGCTCCAAGTCTGGCAACACGGCCTCCCTGACAATCTCTGGGCTCCAGGCTGAGGACGAGGCTGATTATTACTGCTGCTCATATGCAGGTAGTAGCACTTTCGCGGTATTCGGCGG","","","TGCTGCTCATATGCAGGTAGTACCACTTTCGCGGTATTT","CCSYAGSTTFAVF","1S161N136M160S","","139S3N12M146S23N",97.06,91.67,NA,FALSE,7,"sample_01"
"15","assemble65",2,0.08,"TGTCAACAGGCTCACAGTTTCCCCTTCACTTTC","CQQAHSFPFTF","IGKV1-12*01",".","IGKJ3*01","IGKC","assemble65",0,"assemble65_0","GACAGAGTCACCATCACTTGTCGGGCGAGTCTGGGTATTGACAGCTGGNNNNNNNTTTGCAACTTACTATTGTCAACAGGCTCACAGTTTCCCCTTCACTTTCGGCCCTGNNNNNNNTGTCTTCATCTTCCCGCCATCTGATGAGCAGTTGAAATCTGGAACTGC",FALSE,TRUE,"IGKV1-12*01","","IGKJ3*01","IGKC","GACAGAGTCACCATCACTTGTCGGGCGAGTCTGGGTATTGACAGCTGG-----------------------------------------------------------------------------------------------------------------------------------------------NNNNNNNTTTGCAACTTACTATTGTCAACAGGCTCACAGTTTCCCCTTCACTTTCGGCCCTG","GACAGAGTCACCATCACTTGTCGGGCGAGTCAGGGTATTAGCAGCTGGTTAGCCTGGTATCAGCAGAAACCAGGGAAAGCCCCTAAGCTCCTGATCTATGCTGCATCCAGTTTGCAAAGTGGGGTCCCATCAAGGTTCAGCGGCAGTGGATCTGGGACAGATTTCACTCTCACCATCAGCAGCCTGCAGCCTGAAGATTTTGCAACTTACTATTGTCAACAGGCTCACAGTTTCCCCTTCACTTTCGGCCCTG","CTGGGTATTGACAGCTGG","G","TGTCAACAGGCTCACAGTTTCCCCTTCACTTTC","CQQAHSFPFTF","48N48M143I34M83S14N","","94S1N16M55S21N",96,100,NA,FALSE,2,"sample_01"
