sequence_id	sequence	rev_comp	productive	v_call	d_call	j_call	c_call	sequence_alignment	germline_alignment	cdr1	cdr2	junction	junction_aa	v_cigar	d_cigar	j_cigar	v_identity	j_identity	cell_id	complete_vdj	consensus_count
assemble6_0	ATAAGCGACCCTCAGGGGTTTCTGATCGCTTCTCTGGCTCCAAGTCTGGCAACACGGCCTCCCTGACCATCTCTGGGCTCCAGGCTGAGGACGAGGCTGATTATTACTGCTGCTCATATGCAGGTAGTACCACTTTCGCGGTATTTGGCGGNNNNNNNGGTCACTCTGTTCCCGCCCTCCTCTGAGGAGCTTCAAGCCAACAAGGCCACACTGGTGTGTCTCATAAGTGACTTCTACCCGGGAGCCGTGACAGTGGCCTGGAAGGCAGATAGCAGCCCCGTCAAGGCGGGAGTGGAG	F	T	IGLV2-23*02		IGLJ2*01	IGLC2	TAAGCGACCCTCAGGGGTTTCTGATCGCTTCTCTGGCTCCAAGTCTGGCAACACGGCCTCCCTGACCATCTCTGGGCTCCAGGCTGAGGACGAGGCTGATTATTACTGCTGCTCATATGCAGGTAGTACCACTTTCGCGGTATTTGGCGG	TAAGCGGCCCTCAGGGGTTTCTAATCGCTTCTCTGGCTCCAAGTCTGGCAACACGGCCTCCCTGACAATCTCTGGGCTCCAGGCTGAGGACGAGGCTGATTATTACTGCTGCTCATATGCAGGTAGTAGCACTTTCGCGGTATTCGGCGG			TGCTGCTCATATGCAGGTAGTACCACTTTCGCGGTATTT	CCSYAGSTTFAVF	1S161N136M160S		139S3N12M146S23N	97.06	91.67		F	7
assemble38_0	CTGACTTGCACTCTGAACTAAACCTGAGCTCTCTGGAGCTGGGGGACTNNNNNNNTGTGCCAGCAGCGTAGACCGGACAGGAGGGGACTATGGCTACACCTTCGGTTCGGGGACCAGGTTNNNNNNNACTGGTGTGCCTGGCCACAGGCTTCTTCCCTGACCACGTGGAGCTGAG	F	T	TRBV9*01	TRBD1*01	TRBJ1-2*01	TRBC1	CTGACTTGCACTCTGAACTAAACCTGAGCTCTCTGGAGCTGGGGGAC-------TNNNNNNNTGTGCCAGCAGCGTAGACCGGACAGGAGGGGACTATGGCTACACCTTCGGTTCGGGGACCAGGTT	CTGACTTGCACTCTGAACTAAACCTGAGCTCTCTGGAGCTGGGGGACTCAGCTTTGTATTTCTGTGCCAGCAGCGTAGACCGGACAGGGGGGGACTATGGCTACACCTTCGGTTCGGGGACCAGGTT			TGTGCCAGCAGCGTAGACCGGACAGGAGGGGACTATGGCTACACCTTC	CASSVDRTGGDYGYTF	208N47M7I24M104S	74S1N10M91S1N	86S3N34M55S11N	76.51	100.00		F	3
assemble46_0	TGTCAACAGGCTTACAGTCCCCCTGAGACGTTCGGCCAAGGGACCAAGNNNNNNNCCTCCAATCGGGTAACTCCCAGGAGAGTGTCACAGAGCAGGACAGCAA	F	T	IGKV1-12*01		IGKJ1*01	IGKC	TGTCAACAGGCTTACAGTCCCCCTGAGACGTTCGGCCAAGGGACCAAG	TGTCAACAGGCTTACAGTCCCCCTGAGACGTTCGGCCAAGGGACCAAG			TGTCAACAGGCTTACAGTCCCCCTGAGACGTTC	CQQAYSPPETF	261N12M91S14N		26S3N22M55S13N	100.00	90.48		F	3
assemble49_0	GCAGACTGGAGCCTGAAGATTTTGCAGTGTATTACTGTCAGCAGTATGGTACCTCACCTGAAATGTTCGGCCAAGGGACCAAGGGGNNNNNNNATCTGGAACTGCCTCTGTTGTGTGCCTGCTGAATAACTTCTATCCCAGAGAGGCCAAAGTACAGTGGAAGGTGGATAACGCCCTCCAATCGGGTAACTCCCAGGAGAGTGTCACAGAGCAGGACAGCAAGG	F	T	IGKV3-20*01		IGKJ1*01	IGKC	GCAGACTGGAGCCTGAAGATTTTGCAGTGTATTACTGTCAGCAGTATGGTACCTCACCTGAAATGTTCGGCCAAGGGACCAAGG	GCAGACTGGAGCCTGAAGATTTTGCAGTGTATTACTGTCAGCAGTATGGTAGCTCACCTGAAATGTTCGGCCAAGGGACCAAGG			TGTCAGCAGTATGGTACCTCACCTGAAATGTTC	CQQYGTSPEMF	229N59M165S2N		64S6N20M140S12N	98.31	100.00		F	3
assemble59_0	AGATGTTGCAACTTATTACTGTCAAAAGTATGACAGTGTCCCGCTCACTTTCGGCGGAGNNNNNNNACCAAGGTGGAGATCAAACGAACTGTGGCTGCACCATCTGTCTTCATCTTCCCGCCATCTGATGAGCAGTTGAAATCTGGAACTGCCTCTGTTGTGTGCCTGCTGAATAACTTCTATCCCAGAGAGGCCAAAGTACAG	F	T	IGKV1-37*01		IGKJ4*01	IGKC	AGATGTTGCAACTTATTACTGTCAAAAGTATGACAGTGTCCCGCTCACTTTCGGCGGAGNNNNNNNACCAAGGTGGAGATCAAAC	AGATGTTGCAACTTATTACGGTCAACGGACTTACAATGCCCCGCTCACTTTCG-----GCGGAGGGACCAAGGTGGAGATCAAAC			TGTCAAAAGTATGACAGTGTCCCGCTCACTTTC	CQKYDSVPLTF	242N42M162S3N		42S11M5D27M119S	100.00	88.89		F	2
assemble65_0	GACAGAGTCACCATCACTTGTCGGGCGAGTCTGGGTATTGACAGCTGGNNNNNNNTTTGCAACTTACTATTGTCAACAGGCTCACAGTTTCCCCTTCACTTTCGGCCCTGNNNNNNNTGTCTTCATCTTCCCGCCATCTGATGAGCAGTTGAAATCTGGAACTGC	F	T	IGKV1-12*01		IGKJ3*01	IGKC	GACAGAGTCACCATCACTTGTCGGGCGAGTCTGGGTATTGACAGCTGG-----------------------------------------------------------------------------------------------------------------------------------------------NNNNNNNTTTGCAACTTACTATTGTCAACAGGCTCACAGTTTCCCCTTCACTTTCGGCCCTG	GACAGAGTCACCATCACTTGTCGGGCGAGTCAGGGTATTAGCAGCTGGTTAGCCTGGTATCAGCAGAAACCAGGGAAAGCCCCTAAGCTCCTGATCTATGCTGCATCCAGTTTGCAAAGTGGGGTCCCATCAAGGTTCAGCGGCAGTGGATCTGGGACAGATTTCACTCTCACCATCAGCAGCCTGCAGCCTGAAGATTTTGCAACTTACTATTGTCAACAGGCTCACAGTTTCCCCTTCACTTTCGGCCCTG	CTGGGTATTGACAGCTGG	G	TGTCAACAGGCTCACAGTTTCCCCTTCACTTTC	CQQAHSFPFTF	48N48M143I34M83S14N		94S1N16M55S21N	96.00	100.00		F	2
assemble102_0	TGGGGTTTATTACTGCATGCAAACTCTACAAAGGGAGACGTTCGGCCAAGGGACCNNNNNNNCAGAGAGGCCAAAGTACAGTGGAAGGTGGATAACGCCCTCCAATCGGG	F	T	IGKV2-28*01		IGKJ1*01	IGKC	TGGGGTTTATTACTGCATGCAAACTCTACAAAGGGAGACGTTCGGCCAAGGGACC	TGGGGTTTATTACTGCATGCAAGCTCTACAAAGGGAGACGTTCGGCCAAGGGACC			TGCATGCAAACTCTACAAAGGGAGACGTTC	CMQTLQRETF	263N32M78S7N		36S3N19M55S16N	96.88	100.00		F	2
assemble116_0	CAAAAACCAGGGAAAGGTCCTAAGCTCCTGATCTATGATGCCTCCACTNNNNNNNGCAACTTATTACTGTCAACAATTTAATAATTTCCCGCTCACTTTCGGC	F	T	IGKV1-13*01		IGKJ4*01		CAAAAACCAGGGAAAGGTCCTAAGCTCCTGATCTATGATGCCTCCA---------------------------------------------------------------------------------CT--NNNNNNNGCAACTTATTACTGTCAACAATTTAATAATTTCCCGCTCACTTTCGGC	CAGAAACCAGGGAAAGCTCCTAAGCTCCTGATCTATGATGCCTCCAGTTTGGAAAGTGGGGTCCCATCAAGGTTCAGCGGCAGTGGATCTGGGACAGATTTCACTCTCACCATCAGCAGCCTGCAGCCTGAAGATTTTGCAACTTATTACTGTCAACAGTTTAATAATTACCCGCTCACTTTCGGC		GATGCCTCC	TGTCAACAATTTAATAATTTCCCGCTCACTTTC	CQQFNNFPLTF	111N46M81I2M2I42M13S3N		90S13M25N	58.56	100.00		F	1
assemble139_0	CAGTTTATTACTGTCAGCAATCTTATAGTGCTCCGATCACCTTCGGCCNNNNNNNAGTGTCACAGAGCAGGACAGCAAGGACAGCACCTACAGCCTCAGCAGC	F	T	IGKV4-1*01		IGKJ5*01	IGKC	CAGTTTATTACTGTCAGCAATCTTATAGTGCTCCGATCACCTTCGGCC	CAGTTTATTACTGTCAGCAATATTATAGTACTCCGATCACCTTCGGCC			TGTCAGCAATCTTATAGTGCTCCGATCACCTTC	CQQSYSAPITF	268N34M69S3N		34S14M55S24N	94.12	100.00		F	1
assemble141_0	GTTTATTACTGTCAGCAGTATAAAAACTGGCCTCCCACTTTCGGCGGANNNNNNNATCTGGAACTGCCTCTGTTGTGTGCCTGCTGAATAACTTCTATCCCAG	F	T	IGKV3-15*01		IGKJ4*01	IGKC	GTTTATTACTGTCAGCAGTATAAAAACTGGCCTCCCACTTTCGGCGGA	GTTTATTACTGTCAGCAGTATAATAACTGGCCTCCCACTTTCGGCGGA			TGTCAGCAGTATAAAAACTGGCCTCCCACTTTC	CQQYKNWPPTF	252N35M68S		35S3N13M55S22N	97.14	100.00		F	1
assemble146_0	CTGCATGCAAGCTACACAGTGGCCGTACACTTTTGGCCAGGGGACCAANNNNNNNGAGCAGTTGAAATCTGGAACTGCCTCTGTTGTGTGCCTGCTGAATAAC	F	T	IGKV2-18*01		IGKJ2*01	IGKC	CTGCATGCAAGCTACACAGTGGCCGTACACTTTTGGCCAGGGGACCAA	CTGCATGCAAGCTACACAGTGGCCGTACACTTTTGGCCAGGGGACCAA			TGCATGCAAGCTACACAGTGGCCGTACACTTTT	CMQATQWPYTF	275N20M83S7N		24S1N24M55S14N	100.00	100.00		F	1
assemble150_0	GATTTATGATACAAGCAACAAACACTCCTGGACACCTGCCCGGTTCTCNNNNNNNGCTGAGTATTACTGCTTGCTCTCCTATAATGGTCCTTGGGTGTTCGGC	F	T	IGLV7-46*01		IGLJ3*02		GATTTATGATACAAGCAACAAACACTCCTGGACACCTGCCCGGTTCTC------------------------------------------------------NNNNNNNGCTGAGTATTACTGCTTGCTCTCCTATAATGGTCCTTGGGTGTTCGGC	GATTTATGATACAAGCAACAAACACTCCTGGACACCTGCCCGGTTCTCAGGCTCCCTCCTTGGGGGCAAAGCTGCCCTGACCCTTTCGGGTGCGCAGCCTGAGGATGAGGCTGAGTATTACTGCTTGCTCTCCTATAGTGGTCCTTGGGTGTTCGGC		GATACAAGC	TGCTTGCTCTCCTATAATGGTCCTTGGGTGTTC	CLLSYNGPWVF	146N48M54I40M15S6N		90S13M25N	69.57	100.00		F	1
assemble163_0	GGGATATCTGTCAACGTGGAACCTCCCTGACGATCCAGTGTCAAGTCGNNNNNNNGCAGCATATATCTCTGCAGCGTCTTACTAGCGGGGAGCACAGATACGCAGTATTTT	F	T	TRBV29-1*01	TRBD2*01	TRBJ2-3*01				G	G	TGCAGCGTCTTACTAGCGGGGAGCACAGATACGCAGTATTTT	CSVLLAGSTDTQYF	28N48M179I29M34S6N	80S3N10M21S3N	90S13M8S36N	42.04	100.00		F	1
assemble178_0	CTTCTGTGCCAGCAGTTACTCCGGTACGGACGAGCAGTACTTCGGGCCNNNNNNNGCCACACTGGTGTGCCTGGCCACAGGCTTCTACCCCGACCACGCGGAG	F	T	TRBV6-5*01	TRBD2*01	TRBJ2-7*01	TRBC2	CTTCTGTGCCAGCAGTTACTCCGGTACGGACGAGCAGTACTTCGGGCC	CTTCTGTGCCAGCAGTTACTCCGGTACGGACGAGCAGTACTTCGGGCC			TGTGCCAGCAGTTACTCCGGTACGGACGAGCAGTACTTC	CASSYSGTDEQYF	266N21M82S	27S1N8M68S7N	29S5N19M55S23N	100.00	100.00		F	1
assemble184_0	GGCTGTGCCTGGGGGCTGATTATTACTGCGGCTCATATACAAGCAGCAGCACTCGGGTGTTCGGC	F	T	IGLV2-14*01		IGLJ3*02		GGCTGATTATTACTGCGGCTCATATACAAGCAGCAGCACTCGGGTGTTCGGC	GGCTGATTATTACTGCAGCTCATATACAAGCAGCAGCACTCGGGTGTTCGGC			TGCGGCTCATATACAAGCAGCAGCACTCGGGTGTTC	CGSYTSSSTRVF	13S254N41M11S2N		54S2N11M25N	97.50	100.00		F	1
