#count	frequency	CDR3nt	CDR3aa	V	D	J	C	cid	cid_full_length
381	4.681718e-01	TGCGGAACATGGGATAGCAACCTAAGTGCTTGGGTGTTC	CGTWDSNLSAWVF	IGLV1-51*02	.	IGLJ3*02	IGLC	assemble0	1
140	7.821229e-01	TGTGCGAGACAGGGCGGACGATTTGAAGCCTGGGGGAGGGGATACTCCTACGACGGAATGGACGTCTGG	CARQGGRFEAWGRGYSYDGMDVW	IGHV4-39*01	IGHD3-16*01	IGHJ6*02	IGHG1	assemble5	1
139	5.631134e-01	TGTGCCAGCAGTTACTCCGGTACGGACGAGCAGTACTTC	CASSYSGTDEQYF	TRBV6-5*01	TRBD2*01	TRBJ2-7*01	TRBC	assemble2	1
67	6.504854e-01	TGTGTGGTGAACTCAGGAACCTACAAATACATCTTT	CVVNSGTYKYIF	TRAV12-1*01	.	TRAJ40*01	TRAC	assemble4	1
60	7.444172e-02	TGTCAGCAATATTCTGGTACTCCCATGTTCACTTTT	CQQYSGTPMFTF	IGKV4-1*01	.	IGKJ2*01	IGKC	assemble6	1
52	6.380368e-02	TGCATGGAAGCCCTACAAACTCCCTTCACTTTC	CMEALQTPFTF	IGKV2-28*01	.	IGKJ3*01	IGKC	assemble7	1
35	4.294479e-02	TGTCAGCAGTGTGGTAGTACGCCTCCGTCCACTTTT	CQQCGSTPPSTF	IGKV3-20*01	.	IGKJ2*01	IGKC	assemble8	0
27	3.312883e-02	TGTCAGCAGTATGGTAGCTCACGAACGTTC	CQQYGSSRTF	IGKV3-20*01	.	IGKJ4*02	IGKC	assemble1	0
25	3.067485e-02	TGCATGCAAGCTCTACAAACGGCCACTTTC	CMQALQTATF	IGKV2-28*01	.	IGKJ3*01	IGKC	assemble24	0
21	2.677301e-02	TGTCAGCAGTATAATAACTGGCCGCTCACTTTC	CQQYNNWPLTF	IGKV3-15*01	.	IGKJ4*01	IGKC	assemble10	0
18	2.208589e-02	TGTCAACAACGTGACAACTGGCCTCGGACGTTC	CQQRDNWPRTF	IGKV3-15*01	.	IGKJ1*01	IGKC	assemble30	0
17	9.497207e-02	TGTGCAAGAGGAAGAAATAGTGCCCTTGACTACTGG	CARGRNSALDYW	IGHV6-1*01	IGHD2-21*02	IGHJ4*02	IGHG1	assemble3	1
16	6.436042e-02	TGTGCCAGCAGTTTAGCTACCGGGGAGCTGTTTTTT	CASSLATGELFF	TRBV27*01	TRBD2*01	TRBJ2-2*01	TRBC	assemble18	0
15	1.840491e-02	TGTCAACAGGCTTACAGTTTCCCGTACACTTTT	CQQAYSFPYTF	IGKV1-12*01	.	IGKJ2*01	IGKC	assemble61	0
15	6.033789e-02	TGTGCCAGCAGTTACTCCGGCACAGATACGCAGTATTTT	CASSYSGTDTQYF	TRBV6-5*01	.	TRBJ2-3*01	TRBC	assemble19	0
14	1.717791e-02	TGTGCAGCATGGGATGACAGCCTGAATGGTTGGGTGTTC	CAAWDDSLNGWVF	IGLV1-36*01	.	IGLJ3*02	IGLC	assemble12	0
13	1.595092e-02	TGCATGCAAGGTACACACTGGCCTGGAACGTTC	CMQGTHWPGTF	IGKV2-29*02	.	IGKJ1*01	IGKC	assemble32	0
12	5.120676e-02	TGTGCCAGCAGCCGATCCGGGACTGACGGCTACACCTTC	CASSRSGTDGYTF	TRBV3-1*01	TRBD2*01	TRBJ1-2*01	TRBC	assemble22	0
12	1.165049e-01	TGTGTCCCCCCACGGGTGCAGGCAACATGCTCACCTTT	out_of_frame	TRAV12-3*01	.	TRAJ39*01	TRAC	assemble50	0
12	1.472393e-02	TGTCAGCAATATTATAGTACTTTGTACACTTTT	CQQYYSTLYTF	IGKV4-1*01	.	IGKJ2*01	IGKC	assemble53	0
10	1.226994e-02	TGTGGAGCATGGGATGACAGATTGAGTGGTCCGCTTTATGTCTTC	CGAWDDRLSGPLYVF	IGLV1-47*02	.	IGLJ1*01	IGLC	assemble74	0
10	5.586592e-02	TGTGCGAGATTTTGGAGTGGTTATTCATTCTTTGACTACCGG	CARFWSGYSFFDYR	IGHV1-3*01	IGHD3-9*01	IGHJ4*02	IGHG1	assemble31	0
9	1.104294e-02	TGTCAGGTGTGGGACAGCAGCACTGCGATGTTC	CQVWDSSTAMF	IGLV3-9*01	.	IGLJ3*02	IGLC	assemble46	0
8	3.463395e-02	TGTGCCAGCAGTTACTCCGGGACGGACGAGCAGTACTTC	CASSYSGTDEQYF	TRBV6-5*01	TRBD2*01	TRBJ2-7*01	TRBC	assemble2	1
8	3.218021e-02	TGTGCCAGCAGGAGGGATAAGGCCGAGCAGTACTTC	CASRRDKAEQYF	TRBV2*01	TRBD2*02	TRBJ2-7*01	TRBC	assemble27	0
7	3.910615e-02	TGTGCGAAGCTACGGCATTCCTATGACAGTAGTGGTTTTGTCATTGACCACTGG	CAKLRHSYDSSGFVIDHW	IGHV3-23*01	IGHD3-22*01	IGHJ4*02	IGHG1	assemble83	0
7	6.796117e-02	TGTGCTGTGAGTGTCTTTTCTGGTGGCTACAATAAGCTGATTTTT	CAVSVFSGGYNKLIF	TRAV3*01	.	TRAJ4*01	TRAC	assemble47	0
6	7.361963e-03	TGTCAGCAGCGTAGCAACTGGCCTCCGTTCACCTTC	CQQRSNWPPFTF	IGKV3-11*01	.	IGKJ5*01	IGKC	assemble168	0
6	7.361963e-03	TGCAGTTCATATACACGCTTCAGCACTGTGTTGTTC	CSSYTRFSTVLF	IGLV2-14*01	.	IGLJ3*02	IGLC	assemble66	0
6	2.413516e-02	TGCGCCAGCAGCACTGGACTAGCGGCTTTCCAAGAGACCCAGTACTTC	CASSTGLAAFQETQYF	TRBV5-1*01	TRBD2*01	TRBJ2-5*01	TRBC	assemble35	0
6	2.413516e-02	TGTGCCAGCAGTTACTCAGGGACAGATAATCAGTTCTTC	CASSYSGTDNQFF	TRBV10-3*01	TRBD1*01	TRBJ2-1*01	TRBC	assemble92	0
5	6.134969e-03	TGTCAACAGAGTTACAGTACCCCGTACACTTTT	CQQSYSTPYTF	IGKV1-39*01	.	IGKJ2*01	IGKC	assemble118	0
5	6.134969e-03	TGTCAGCAGTATGGTAGCTCACCCTGGACGTTC	CQQYGSSPWTF	IGKV3-20*01	.	IGKJ1*01	IGKC	assemble71	0
5	6.134969e-03	TGTCAGGCGTGGGACAGCAGCAATTGGGTGTTC	CQAWDSSNWVF	IGLV3-1*01	.	IGLJ3*02	IGLC	assemble90	0
4	5.889571e-03	TGTCTACAGCATAATAGTTACCCGTGGACGTTC	CLQHNSYPWTF	IGKV1-17*01	.	IGKJ1*01	IGKC	assemble64	0
4	5.742331e-03	TGCGGGACATGGGATAGCAACCTAAGTGCTTGGGTGTTC	CGTWDSNLSAWVF	IGLV1-51*02	.	IGLJ3*02	IGLC	assemble0	1
4	4.907975e-03	TGCCAGTCCTATGACAGCAGCCTGAGTGGTTATGTCTTC	CQSYDSSLSGYVF	IGLV1-40*01	.	IGLJ1*01	IGLC	assemble252	0
4	1.609010e-02	TGCGCCAGCAGCGGGACAGACAGCTACGAGCAGTACTTC	CASSGTDSYEQYF	TRBV5-1*01	TRBD1*01	TRBJ2-7*01	TRBC	assemble81	0
4	1.609010e-02	TGTGCCAGCAGCCCCGAAGGGAGGGCTGGGGCCAACGTCCTGACTTTC	CASSPEGRAGANVLTF	TRBV7-3*01	TRBD2*02	TRBJ2-6*01	TRBC	assemble69	0
4	4.907975e-03	TGTCAGCAGTATAATAACTGGCCTCCGCTCACCTTC	CQQYNNWPPLTF	IGKV3-15*01	.	IGKJ5*01	IGKC	assemble324	0
4	3.883495e-02	TGTGTGGTGAACCCGAACGACTACAAGCTCAGCTTT	CVVNPNDYKLSF	TRAV12-1*01	.	TRAJ20*01	TRAC	assemble148	0
4	4.907975e-03	TGTCAGCAGTTTCAAAGCTCGATCACCTTC	CQQFQSSITF	IGKV3-15*01	.	IGKJ5*01	IGKC	assemble33	0
4	2.234637e-02	TGTGCACGGATGAGGGGTTTGTACTATGGTTCGGGGAGTTACGACTACTGG	CARMRGLYYGSGSYDYW	IGHV2-26*01	IGHD3-10*01	IGHJ4*02	IGHG1	assemble125	0
3	1.206758e-02	TGTGCCAGCAGTTACTCCGGTACGGACGAGCAGTACTTC	CASSYSGTDEQYF	TRBV6-2*01	TRBD2*01	TRBJ2-7*01	TRBC	assemble91	0
3	3.680982e-03	TGTCAGCAATATAGTGACTCACCAACGTTC	CQQYSDSPTF	.	.	IGKJ1*01	IGKC	assemble114	0
3	3.680982e-03	AATAGTACTCCGCTCACTTTC	NSTPLTF	IGKV4-1*01	.	IGKJ4*01	IGKC	assemble336	0
3	2.912621e-02	TGTGCTCCATACTCTGGGGCTGG	out_of_frame	TRAV41*01	.	TRAJ28*01	.	assemble220	0
3	1.206758e-02	TGTGCCAGCAGCTTGGGGGACCAAGAGACCCAGTACTTC	CASSLGDQETQYF	TRBV5-6*01	TRBD1*01	TRBJ2-5*01	TRBC	assemble382	0
3	3.680982e-03	TGTCAGCAGTATGGTAGCTCACCGCTCACTTTC	CQQYGSSPLTF	IGKV3-20*01	.	IGKJ4*01	IGKC	assemble175	0
3	1.206758e-02	TGTGCCAGCAGTACAAGCGGTTACGAGCAGTACTTC	CASSTSGYEQYF	TRBV7-2*01	TRBD2*01	TRBJ2-7*01	TRBC	assemble225	0
3	3.680982e-03	TGTCAGCAGCGTTTGAGCTGGCCGATCACTTTC	CQQRLSWPITF	IGKV3-11*01	.	IGKJ5*01	IGKC	assemble126	0
3	3.680982e-03	TGCTGCTCATATGCAGGTAGTAGTACTTTTGTCTTC	CCSYAGSSTFVF	IGLV2-23*01	.	IGLJ1*01	IGLC	assemble251	0
3	3.680982e-03	TGTCAGCAGCGTGGCAGCTGGCCTTTGATCACCTTC	CQQRGSWPLITF	IGKV3-11*01	.	IGKJ5*01	IGKC	assemble185	0
2	2.858896e-03	TGTCAGCAATATTCTGGTATTCCCATGTTCACTTTT	CQQYSGIPMFTF	IGKV4-1*01	.	IGKJ2*01	IGKC	assemble6	1
2	2.674847e-03	TGTCAGCAGCGTAGCAACTGGCCGCTCACTTTC	CQQRSNWPLTF	IGKV3-15*01	.	IGKJ4*01	IGKC	assemble10	0
2	8.045052e-03	TGTGCCAGCAGTTTTAGCACCGGGGAGCTGTTTTTT	CASSFSTGELFF	TRBV27*01	TRBD1*01	TRBJ2-2*01	TRBC	assemble267	0
2	2.453988e-03	TGCCAGTCCTATGACAGGAGCCTGAGTGATTGGGTGTTC	CQSYDRSLSDWVF	IGLV1-40*01	.	IGLJ3*02	IGLC	assemble108	0
2	2.453988e-03	TGCGGAACATGGGATAGCAACCTAAGTGCTTGGGTGTTC	CGTWDSNLSAWVF	IGLV1-51*01	.	IGLJ3*02	IGLC	assemble79	0
2	2.453988e-03	TGTATGATTTGGCCAAGCAATGTGGTTTTC	CMIWPSNVVF	IGLV5-37*01	.	IGLJ2*01	IGLC	assemble228	0
2	2.453988e-03	TCTTTGTCTGGGGATGAGGACCCTTGGGTGTTT	SLSGDEDPWVF	IGLV3-22*01	.	IGLJ3*02	IGLC	assemble289	0
2	1.000000e+00	TGTGCCACCTGGGACGGCCCCTTTTATTATAAGAAACTCTTT	CATWDGPFYYKKLF	TRGV2*01	.	TRGJ1*01	TRGC	assemble72	0
2	8.045052e-03	TGTGCCAGTAGTATGAATGGTGAGCAGTTCTTC	CASSMNGEQFF	TRBV19*01	.	TRBJ2-1*01	TRBC	assemble119	0
2	2.453988e-03	TGCATGCAAGCTCTACAAACTCCGTACACTTTT	CMQALQTPYTF	IGKV2-28*01	.	IGKJ2*01	IGKC	assemble204	0
2	2.453988e-03	TGTCAAAAGTATAACAGTGCCCCTATCACTTTC	CQKYNSAPITF	IGKV1-27*01	.	IGKJ3*01	IGKC	assemble261	0
2	2.453988e-03	TGCCCGTCCTATGACAGGAGCCTGAGTGATTGGGTGTTC	CPSYDRSLSDWVF	IGLV1-40*01	.	IGLJ3*02	IGLC	assemble108	0
2	2.453988e-03	TGTCAGCAGCGTGCCAGCTGGCCTCTCACTTTC	CQQRASWPLTF	IGKV3-11*01	.	IGKJ4*01	IGKC	assemble322	0
2	2.453988e-03	TGCAGCTCAGATGCAGGCAACAATCCGGTCTTC	CSSDAGNNPVF	IGLV2-8*01	.	IGLJ1*01	IGLC	assemble347	0
2	2.453988e-03	TGTGCAGCATGGGATGACAACCTGAAGGGCGTCTTC	CAAWDDNLKGVF	IGLV1-44*01	.	IGLJ1*01	IGLC	assemble210	0
2	2.453988e-03	TGCATGCAAGCTCTACAAAGTCCTCTCACTTTC	CMQALQSPLTF	IGKV2-28*01	.	IGKJ4*01	IGKC	assemble338	0
2	2.453988e-03	TGTCAACAGTTTAATAATTACCCGCTCACTTTC	CQQFNNYPLTF	IGKV1-13*01	.	IGKJ4*01	IGKC	assemble149	0
2	2.453988e-03	TGTCAGACCTGGGGCACTGGCATTCAGGTATTC	CQTWGTGIQVF	IGLV4-69*01	.	IGLJ2*01	IGLC	assemble346	0
1	2.159509e-03	TGCGGAACATGGGATAGCAAACTAAGTGCTTGGGTGTTC	CGTWDSKLSAWVF	IGLV1-51*02	.	IGLJ3*02	IGLC	assemble0	1
1	5.108608e-03	TGTGCCAGCAGCCGATCCGGGACCGACGGCTACACCTTC	CASSRSGTDGYTF	TRBV3-1*01	TRBD2*01	TRBJ1-2*01	TRBC	assemble22	0
1	1.472393e-03	TGTCTACAGCATAACAGTTACCCGTGGACGTTC	CLQHNSYPWTF	IGKV1-17*01	.	IGKJ1*01	IGKC	assemble64	0
1	9.708738e-03	TGTGCCGTGCCCCTATACAACTTCAACAAATTT	CAVPLYNFNKF	TRAV12-2*01	.	TRAJ21*01	TRAC	assemble614	0
1	4.022526e-03	TGCGCCAGCAGCTTGGAGGATTCGGGACAGAACTATGGCTACACCTTC	CASSLEDSGQNYGYTF	TRBV5-1*01	TRBD1*01	TRBJ1-2*01	TRBC	assemble522	0
1	4.022526e-03	TGTGCCAGCAGCTTCGGCAGGAGCTCCTACAATGAGCAGTTCTTC	CASSFGRSSYNEQFF	TRBV11-1*01	.	TRBJ2-1*01	TRBC	assemble945	0
1	1.226994e-03	TGCCAACAGTATATTAATTATCCCCTCACTTTC	CQQYINYPLTF	IGKV1-5*01	.	IGKJ4*01	IGKC	assemble728	0
1	4.022526e-03	TGCGCCAGCAGCTTGGATCAACCAAACACCGGGGAGCTGTTTTTT	CASSLDQPNTGELFF	TRBV5-1*01	TRBD2*01	TRBJ2-2*01	TRBC	assemble582	0
1	1.226994e-03	TGCGGAACGTGGGATAGCAGCCTGAGTGAATATGTCTTC	CGTWDSSLSEYVF	IGLV1-51*01	.	IGLJ1*01	IGLC	assemble644	0
1	4.022526e-03	TGCAGTGCAGGGATCGCAGATACGCAGTATTTT	CSAGIADTQYF	TRBV20-1*01	TRBD1*01	TRBJ2-3*01	TRBC	assemble457	0
1	1.226994e-03	TGCCTGCTCTACTATGGTGGTGCTTGGGTGTTC	CLLYYGGAWVF	IGLV7-43*01	.	IGLJ3*02	IGLC	assemble426	0
1	1.226994e-03	TGTCAATCAGCAGACAGCAGTGGCACATATTGGGTGTTC	CQSADSSGTYWVF	IGLV3-25*01	.	IGLJ3*02	IGLC	assemble451	0
1	4.022526e-03	TGTGCCAGCAGCCGATTGAACGAGCAGTACTTC	CASSRLNEQYF	TRBV7-9*01	.	TRBJ2-7*01	TRBC	assemble400	0
1	1.226994e-03	TGTCAATCAACAGACAGCAGTACTACTTATGATGTGGTATTC	CQSTDSSTTYDVVF	IGLV3-25*01	.	IGLJ2*01	IGLC	assemble333	0
1	4.022526e-03	TGTGCCACCAGCCTCTCGTCGACCGATGGCTACACCTTC	CATSLSSTDGYTF	TRBV15*01	.	TRBJ1-2*01	TRBC	assemble399	0
1	4.022526e-03	TGTGCCGGAAAGGGGGCGGATACGCAGTATTTT	CAGKGADTQYF	TRBV11-1*01	TRBD1*01	TRBJ2-3*01	TRBC	assemble530	0
1	4.022526e-03	TGTGCCAGCAGCTTAACCAACTACGAGCAGTACTTC	CASSLTNYEQYF	TRBV7-2*01	.	TRBJ2-7*01	TRBC	assemble671	0
1	1.226994e-03	TGCGTAACATGGGATCGCAGCCTGAGTGTTGTGGTGTTC	CVTWDRSLSVVVF	IGLV1-51*01	.	IGLJ3*02	IGLC	assemble622	0
1	1.226994e-03	TGTCAGCAGTATCAAAACTCGCCTTCGTGGACGTTC	CQQYQNSPSWTF	IGKV3-20*01	.	IGKJ1*01	IGKC	assemble918	0
1	1.226994e-03	TGTCAGCAATATTTTACCTCACCCACTTTC	CQQYFTSPTF	IGKV4-1*01	.	IGKJ4*01	IGKC	assemble937	0
1	4.022526e-03	TGTGCCAGCAGTGTCCCTAGCCACAGATACGCAGTATTTT	out_of_frame	TRBV6-4*01	TRBD2*01	TRBJ2-3*01	TRBC	assemble452	0
1	1.000000e+00	TGTGCTCTTGGGGAACTAACTTCTGCAAGGCAACTGACCTTT	CALGELTSARQLTF	TRDV1*01	TRDD3*01	TRAJ22*01	.	assemble445	0
1	1.226994e-03	TGTCAGCAGTATAGTAACTGGCCTCCGGACACTTTT	CQQYSNWPPDTF	IGKV3-15*01	.	IGKJ2*01	IGKC	assemble78	0
1	9.708738e-03	TGCCTCGTGGGTGAGACTGGGGGTTACCAGAAAGTTACCTTT	CLVGETGGYQKVTF	TRAV4*01	.	TRAJ13*01	.	assemble528	0
1	4.022526e-03	TGTGCCTGGAGTCGGGGGGCCAGTTACAATGAGCAGTTCTTC	CAWSRGASYNEQFF	TRBV30*01	TRBD2*01	TRBJ2-1*01	TRBC	assemble517	0
1	4.022526e-03	TGCGCCAGCAGCCAAGATTGGAGAAGAAACATTCAGTACTTC	CASSQDWRRNIQYF	TRBV4-1*01	.	TRBJ2-4*01	TRBC	assemble585	0
1	9.708738e-03	TGTGCTGTGGGTGAAGAAGGGAGGAAGCTACATACCTACATTT	out_of_frame	TRAV8-7*01	.	TRAJ6*01	TRAC	assemble676	0
1	9.708738e-03	TGTGCCGTGGACCCCAATAGCAACTATCAGTTAATCTGG	CAVDPNSNYQLIW	TRAV39*01	.	TRAJ33*01	TRAC	assemble446	0
1	9.708738e-03	TGTGCAGGGGGGTACTGCCAGACTCATGTTT	out_of_frame	TRAV25*01	.	TRAJ31*01	TRAC	assemble570	0
1	1.226994e-03	TGCCAACAGTATAATAGTTATTCTCCCGTCACTTTT	CQQYNSYSPVTF	IGKV1-5*01	.	IGKJ2*01	IGKC	assemble410	0
1	9.708738e-03	TGTGCTCCATACTCTGGGGCGGGGAGTTACCAACTCACTTTC	CAPYSGAGSYQLTF	TRAV41*01	.	TRAJ28*01	.	assemble568	0
1	9.708738e-03	TGTGCTGTGGGTGCCAATGACATGCGCTTT	CAVGANDMRF	TRAV8-3*01	.	TRAJ43*01	.	assemble580	0
1	1.226994e-03	TGTGCAGTGTGGGATGACAGCCTGAGTGGTCCGGTATTC	CAVWDDSLSGPVF	IGLV1-47*01	.	IGLJ2*01	IGLC	assemble337	0
1	4.022526e-03	TGTGCCAGCAGCTCGACGGCAACTAATGAAAAACTGTTTTTT	CASSSTATNEKLFF	TRBV7-1*01	.	TRBJ1-4*01	TRBC	assemble669	0
1	9.708738e-03	TGTGTGGTGAGCGCTAATTATAACCAGGGAGGAAAGCTTATCTTC	CVVSANYNQGGKLIF	TRAV12-1*01	.	TRAJ23*01	.	assemble609	0
1	4.022526e-03	TGTGCCAGCAGCGCCAGCGGATACGAGCAGTACTTC	CASSASGYEQYF	TRBV7-4*01	TRBD2*01	TRBJ2-7*01	TRBC	assemble540	0
1	9.708738e-03	TGTGCTGTAATTAACGACTACAAGCTCAGCTTT	CAVINDYKLSF	TRAV21*01	.	TRAJ20*01	TRAC	assemble674	0
1	1.226994e-03	TGTGCATCATGGGATGGCAGCCTGGGTGCTTGGGTGTTC	CASWDGSLGAWVF	IGLV1-47*01	.	IGLJ3*02	IGLC	assemble807	0
1	4.022526e-03	TGTGCCAGCAGTCCTGACAGGCCACTCAATTCACCCCTCCACTTT	CASSPDRPLNSPLHF	TRBV27*01	TRBD1*01	TRBJ1-6*02	TRBC	assemble647	0
1	1.226994e-03	TGCCAACAGTATTATAGTTTTGTCACTTTC	CQQYYSFVTF	IGKV1D-8*03	.	IGKJ3*01	IGKC	assemble939	0
1	1.226994e-03	TGCAGCTCATATACAAGCACCAGCACTTGGGTGTTC	CSSYTSTSTWVF	IGLV2-14*01	.	IGLJ3*02	IGLC	assemble428	0
1	9.708738e-03	TGTGCAGCAGACTTCTCCAGACTCATGTTT	CAADFSRLMF	TRAV29/DV5*01	.	TRAJ31*01	TRAC	assemble482	0
1	1.226994e-03	TGTGCAGCGTGGGATGACAGCCTGGGTTGGGTGTTC	CAAWDDSLGWVF	IGLV1-47*02	.	IGLJ3*02	IGLC	assemble677	0
1	1.226994e-03	TGTCAGCAGTATGGTACCTCAAGTCTCACTTTC	CQQYGTSSLTF	IGKV3-20*01	.	IGKJ4*01	IGKC	assemble526	0
1	1.226994e-03	TGTCAGCAGTCTGGTATCTCAGAGGCCACTTTC	CQQSGISEATF	IGKV3-20*01	.	IGKJ3*01	IGKC	assemble668	0
1	1.226994e-03	TGCATGCAAGCTCTACAAACTCCGGACACTTTT	CMQALQTPDTF	IGKV2-28*01	.	IGKJ2*01	IGKC	assemble204	0
1	1.226994e-03	TGCATGCAAGCTCTACAAACTCCTCGGACGTTC	CMQALQTPRTF	IGKV2-28*01	.	IGKJ1*01	IGKC	assemble509	0
1	1.226994e-03	TGTCAACAGTATGATCATTTTCCTCTATTCACTTTC	CQQYDHFPLFTF	IGKV1-33*01	.	IGKJ3*01	IGKC	assemble748	0
1	1.226994e-03	TGTCAACAGGCTAACAGTTTCCCTCTCACTTTC	CQQANSFPLTF	IGKV1-12*01	.	IGKJ4*01	IGKC	assemble917	0
1	5.586592e-03	TGTGCAAGAGGAAGAAATAGTGCCCTTGACTACTGG	CARGRNSALDYW	IGHV6-1*01	IGHD2-21*02	IGHJ4*02	IGHG2	assemble23	0
